# Copyright (C) 1991-2013 Altera Corporation
# Your use of Altera Corporation's design tools, logic functions 
# and other software and tools, and its AMPP partner logic 
# functions, and any output files from any of the foregoing 
# (including device programming or simulation files), and any 
# associated documentation or information are expressly subject 
# to the terms and conditions of the Altera Program License 
# Subscription Agreement, Altera MegaCore Function License 
# Agreement, or other applicable license agreement, including, 
# without limitation, that your use is for the sole purpose of 
# programming logic devices manufactured by Altera and sold by 
# Altera or its authorized distributors.  Please refer to the 
# applicable agreement for further details.

# Quartus II 64-Bit Version 13.0.1 Build 232 06/12/2013 Service Pack 1 SJ Web Edition
# File: O:\80286 Mainboard\@286 AT PC ATX mainboard\CPLD Chipset\002 U2 Memory decoder\AT_Memory_decoder.csv
# Generated on: Thu Feb 15 19:58:03 2024

# Note: The column header names should not be changed if you wish to import this .csv file into the Quartus II software.

To,Direction,Location,Reserved,Fitter Location
XBHE,Input,PIN_20,,PIN_83
XA0,Input,PIN_21,,PIN_2
UMBE,Input,PIN_64,,PIN_1
UMBD,Input,PIN_63,,PIN_84
TMS,Input,,,PIN_23
TDI,Input,,,PIN_14
TCK,Input,,,PIN_62
GATE_ALE,Input,PIN_80,,PIN_28
BM_IO,Input,PIN_9,,PIN_29
ALE,Input,PIN_11,,PIN_27
A23,Input,PIN_8,,PIN_25
A22,Input,PIN_6,,PIN_24
A21,Input,PIN_5,,PIN_22
A20,Input,PIN_16,,PIN_21
A19,Input,PIN_4,,PIN_20
A18,Input,PIN_2,,PIN_18
A17,Input,PIN_1,,PIN_17
A16,Input,PIN_84,,PIN_16
A15,Input,PIN_83,,PIN_15
/XMEMR,Input,PIN_12,,PIN_12
/MEM_CS_16,Input,PIN_18,,PIN_30
TDO,Output,,,PIN_71
MD_DIR,Output,PIN_15,,PIN_31
FSYS_16,Output,PIN_10,,PIN_80
CMDLY,Output,PIN_81,,PIN_79
/ROM,Output,PIN_76,,PIN_77
/RAMOL_CS,Output,PIN_40,,PIN_70
/RAMOH_CS,Output,PIN_61,,PIN_73
/RAMNL_CS,Output,PIN_39,,PIN_68
/RAMNH_CS,Output,PIN_60,,PIN_69
/RAMML_CS,Output,PIN_37,,PIN_65
/RAMMH_CS,Output,PIN_58,,PIN_67
/RAMLL_CS,Output,PIN_36,,PIN_63
/RAMLH_CS,Output,PIN_57,,PIN_64
/RAMKL_CS,Output,PIN_35,,PIN_60
/RAMKH_CS,Output,PIN_56,,PIN_61
/RAMJL_CS,Output,PIN_34,,PIN_57
/RAMJH_CS,Output,PIN_55,,PIN_58
/RAMIL_CS,Output,PIN_33,,PIN_55
/RAMIH_CS,Output,PIN_54,,PIN_56
/RAMHL_CS,Output,PIN_31,,PIN_52
/RAMHH_CS,Output,PIN_52,,PIN_54
/RAMGL_CS,Output,PIN_30,,PIN_50
/RAMGH_CS,Output,PIN_51,,PIN_51
/RAMFL_CS,Output,PIN_29,,PIN_48
/RAMFH_CS,Output,PIN_50,,PIN_49
/RAMEL_CS,Output,PIN_28,,PIN_45
/RAMEH_CS,Output,PIN_49,,PIN_46
/RAMDL_CS,Output,PIN_27,,PIN_41
/RAMDH_CS,Output,PIN_48,,PIN_44
/RAMCL_CS,Output,PIN_25,,PIN_39
/RAMCH_CS,Output,PIN_46,,PIN_40
/RAMBL_CS,Output,PIN_24,,PIN_36
/RAMBH_CS,Output,PIN_45,,PIN_37
/RAMAL_CS,Output,PIN_22,,PIN_34
/RAMAH_CS,Output,PIN_44,,PIN_35
/RAM,Output,PIN_75,,PIN_76
/OPROM_CS,Output,PIN_79,,PIN_75
/LMEG_CS,Output,PIN_17,,PIN_33
/BIOS_CS,Output,PIN_41,,PIN_74
