# Copyright (C) 1991-2013 Altera Corporation
# Your use of Altera Corporation's design tools, logic functions 
# and other software and tools, and its AMPP partner logic 
# functions, and any output files from any of the foregoing 
# (including device programming or simulation files), and any 
# associated documentation or information are expressly subject 
# to the terms and conditions of the Altera Program License 
# Subscription Agreement, Altera MegaCore Function License 
# Agreement, or other applicable license agreement, including, 
# without limitation, that your use is for the sole purpose of 
# programming logic devices manufactured by Altera and sold by 
# Altera or its authorized distributors.  Please refer to the 
# applicable agreement for further details.

# Quartus II 64-Bit Version 13.0.1 Build 232 06/12/2013 Service Pack 1 SJ Web Edition
# File: O:\80286 Mainboard\@286 AT PC ATX mainboard\CPLD Chipset\001 U1 System controller\AT_ISA_System_controller.csv
# Generated on: Mon Feb 12 11:07:12 2024

# Note: The column header names should not be changed if you wish to import this .csv file into the Quartus II software.

To,Direction,Location,Reserved,Fitter Location
XBHE,Bidir,PIN_5,,PIN_5
XA0,Bidir,PIN_46,,PIN_46
XA9,Input,PIN_76,,PIN_76
XA8,Input,PIN_77,,PIN_77
TMS,Input,,,PIN_23
TDI,Input,,,PIN_14
TCK,Input,,,PIN_62
S1,Input,PIN_58,,PIN_58
S0,Input,PIN_60,,PIN_60
OSC,Input,PIN_18,,PIN_18
IOCH_RDY,Input,PIN_27,,PIN_27
HRQ1,Input,PIN_41,,PIN_41
HLDA,Input,PIN_52,,PIN_52
FSYS_16,Input,PIN_57,,PIN_57
DMA2_AEN,Input,PIN_49,,PIN_49
DMA1_AEN,Input,PIN_48,,PIN_48
DEN,Input,PIN_56,,PIN_56
ALE,Input,PIN_80,,PIN_80
A1,Input,PIN_64,,PIN_64
A0,Input,PIN_65,,PIN_65
8042_RC,Input,PIN_12,,PIN_12
286_CLK,Input,PIN_83,,PIN_83
16M,Input,PIN_2,,PIN_2
7M3728,Input,PIN_84,,PIN_84
0WS,Input,PIN_31,,PIN_31
/XIOR,Input,PIN_44,,PIN_44
/RESET,Input,PIN_1,,PIN_1
/NPCS,Input,PIN_67,,PIN_67
/MEMW,Input,PIN_21,,PIN_21
/MEMR,Input,PIN_22,,PIN_22
/MASTER,Input,PIN_24,,PIN_24
/M_IO,Input,PIN_68,,PIN_68
/IOW,Input,PIN_30,,PIN_30
/IOR,Input,PIN_29,,PIN_29
/IO_CS_16,Input,PIN_28,,PIN_28
/INTA,Input,PIN_69,,PIN_69
/DT_R,Input,PIN_11,,PIN_11
/DMA_MEMR,Input,PIN_40,,PIN_40
/DMA2_CS,Input,PIN_36,,PIN_36
/DMA1_CS,Input,PIN_35,,PIN_35
/DACK4,Input,PIN_50,,PIN_50
XD_DIR,Output,PIN_6,,PIN_6
TDO,Output,,,PIN_71
TCLK,Output,PIN_17,,PIN_17
SYS_CLK,Output,PIN_20,,PIN_20
RESET_286,Output,PIN_70,,PIN_70
Q1,Output,PIN_25,,PIN_25
LSA0,Output,PIN_63,,PIN_63
HLDA1,Output,PIN_51,,PIN_51
GATE_ALE,Output,PIN_4,,PIN_4
GATE_245,Output,PIN_81,,PIN_81
ENAS,Output,PIN_16,,PIN_16
DMA_RDY,Output,PIN_39,,PIN_39
DMA_CLK,Output,PIN_37,,PIN_37
DIR_245,Output,PIN_79,,PIN_79
CPU_HRQ,Output,PIN_61,,PIN_61
ACK,Output,PIN_55,,PIN_55
8042_CLK,Output,PIN_15,,PIN_15
1M8432,Output,PIN_75,,PIN_75
/XMEMR,Output,PIN_54,,PIN_54
/SDL_GATE,Output,PIN_8,,PIN_8
/SDH_GATE,Output,PIN_9,,PIN_9
/DMA_AEN,Output,PIN_45,,PIN_45
/CNTL_OFF,Output,PIN_10,,PIN_10
/ARDYEN,Output,PIN_73,,PIN_73
/ARDY,Output,PIN_74,,PIN_74
/AEN_2,Output,PIN_34,,PIN_34
/AEN_1,Output,PIN_33,,PIN_33
