# Copyright (C) 1991-2013 Altera Corporation
# Your use of Altera Corporation's design tools, logic functions 
# and other software and tools, and its AMPP partner logic 
# functions, and any output files from any of the foregoing 
# (including device programming or simulation files), and any 
# associated documentation or information are expressly subject 
# to the terms and conditions of the Altera Program License 
# Subscription Agreement, Altera MegaCore Function License 
# Agreement, or other applicable license agreement, including, 
# without limitation, that your use is for the sole purpose of 
# programming logic devices manufactured by Altera and sold by 
# Altera or its authorized distributors.  Please refer to the 
# applicable agreement for further details.

# Quartus II 64-Bit Version 13.0.1 Build 232 06/12/2013 Service Pack 1 SJ Web Edition
# File: O:\80286 Mainboard\@286 AT PC ATX mainboard\CPLD Chipset\003 U3 IO decoder\AT_IO_decoder.csv
# Generated on: Fri Feb 23 22:15:56 2024

# Note: The column header names should not be changed if you wish to import this .csv file into the Quartus II software.

To,Direction,Location,Reserved,Fitter Location
TMS,Input,,,PIN_23
TDO,Output,,,PIN_71
TDI,Input,,,PIN_14
TCK,Input,,,PIN_62
SM_IO,Input,PIN_1,,PIN_1
/INTA,Input,PIN_2,,PIN_2
ACK,Input,PIN_4,,PIN_4
/IOW,Input,PIN_5,,PIN_83
/RESET,Input,PIN_6,,PIN_55
SA0,Input,PIN_8,,PIN_77
/LPT_RD,Output,PIN_9,,PIN_31
/LPT_WR,Output,PIN_10,,PIN_22
/INTR1_CS,Output,PIN_11,,PIN_37
RTC_AS,Output,PIN_12,,PIN_9
/RTC_RW,Output,PIN_15,,PIN_8
/DMA2_CS,Output,PIN_16,,PIN_40
/RTC_DS,Output,PIN_17,,PIN_33
SA1,Input,PIN_18,,PIN_58
SA3,Input,PIN_20,,PIN_52
SA2,Input,PIN_21,,PIN_49
SA4,Input,PIN_22,,PIN_80
SA6,Input,PIN_24,,PIN_51
SA5,Input,PIN_25,,PIN_81
SA7,Input,PIN_27,,PIN_79
SA9,Input,PIN_28,,PIN_61
SA8,Input,PIN_29,,PIN_70
XA8,Input,PIN_30,,PIN_67
XA9,Input,PIN_31,,PIN_57
/XIOW,Input,PIN_33,,PIN_75
/XIOR,Input,PIN_34,,PIN_48
XA0,Input,PIN_35,,PIN_76
XA3,Input,PIN_36,,PIN_65
XA4,Input,PIN_37,,PIN_50
XA5,Input,PIN_39,,PIN_60
XA6,Input,PIN_40,,PIN_68
XA7,Input,PIN_41,,PIN_69
/8042_CS,Output,PIN_44,,PIN_12
/PG_REG_CS,Output,PIN_45,,PIN_35
/INTR2_CS,Output,PIN_46,,PIN_34
/DMA1_CS,Output,PIN_48,,PIN_36
/PORTB_WR,Output,PIN_49,,PIN_10
/NPCS,Output,PIN_50,,PIN_11
/286_BUSY,Output,PIN_51,,PIN_46
RESET_287,Output,PIN_52,,PIN_5
/IO_CS_16,Input,PIN_54,,PIN_56
IRQ13,Output,PIN_55,,PIN_6
/IDE1_DEN,Output,PIN_56,,PIN_28
/TIMER_CS,Output,PIN_57,,PIN_41
/IDE2_CS0,Output,PIN_58,,PIN_24
/IDE2_CS1,Output,PIN_60,,PIN_15
/IDE2_DEN,Output,PIN_61,,PIN_21
/IDE2_16_EN,Output,PIN_63,,PIN_45
/CLK_POST,Output,PIN_64,,PIN_16
/IDE1_16_EN,Output,PIN_65,,PIN_44
/IDE1_CS1,Output,PIN_67,,PIN_29
/IDE1_CS0,Output,PIN_68,,PIN_25
/FDC_LDDC,Output,PIN_70,,PIN_27
/FDC_LDCR,Output,PIN_73,,PIN_17
/FDC_LDOR,Output,PIN_74,,PIN_20
Q1,Input,PIN_75,,PIN_54
/FDC_CS,Output,PIN_76,,PIN_18
ENAS,Input,PIN_77,,PIN_64
/PORTB_RD,Output,PIN_79,,PIN_39
/COM1_CS,Output,PIN_80,,PIN_30
/287_BUSY,Input,PIN_81,,PIN_74
/IOR,Input,PIN_83,,PIN_73
/ERROR,Input,PIN_84,,PIN_84
